{
    "version": 1,
    "metadata": {
        "csv_list": [
            "RawData/dclp3_cgm_plus_features.csv",
            "RawData/dclp5_cgm_plus_features.csv"
        ],
        "valid_threshold": 0.5
    },
    "generator": {
        "hourly_probs": [
            0.030112205175177466,
            0.02539500801465537,
            0.024891229677123882,
            0.02147927639111518,
            0.023265399587817724,
            0.02388367300206091,
            0.02635676665903366,
            0.036317838332951685,
            0.031394550034348524,
            0.03029539729791619,
            0.0295626288069613,
            0.029104648500114495,
            0.029058850469429815,
            0.030822074650790017,
            0.0328600870162583,
            0.03153194412640256,
            0.032676894893519576,
            0.03297458209297,
            0.03315777421570872,
            0.03418822990611404,
            0.031577742157087245,
            0.03102816578887108,
            0.0314403480650332,
            0.02873826425463705
        ],
        "day_prob_single": 0.40057660626029656,
        "day_mix": [
            0.01589793055925772,
            0.0226129975305439,
            0.0058952865191698525,
            121.99999995066938,
            1.9998996240837448,
            0.001172248715252285
        ],
        "night_prob_single": 0.4403574087862993,
        "night_mix": [
            0.015945772306110263,
            0.02360586311797961,
            0.006587522540863221,
            43.39563490182955,
            13.0573414947205,
            0.0004927364724233769
        ]
    }
}